<asf xmlversion="1.0">
	<project caption="HID Report Viewer" id="lufa.projects.hid_viewer.avr8">
		<require idref="lufa.projects.hid_viewer"/>
		<require idref="lufa.boards.dummy.avr8"/>
		<generator value="as5_8"/>

		<device-support value="at90usb1287"/>
		<config name="lufa.drivers.board.name" value="usbkey"/>

		<build type="define" name="F_CPU" value="8000000UL"/>
		<build type="define" name="F_USB" value="8000000UL"/>
	</project>

	<module type="application" id="lufa.projects.hid_viewer" caption="HID Report Viewer">
		<info type="description" value="summary">
		HID device report viewer project.
		</info>

 		<info type="gui-flag" value="move-to-root"/>

		<info type="keyword" value="Technology">
			<keyword value="Class Driver APIs"/>
			<keyword value="USB Host"/>
			<keyword value="HID Class"/>
		</info>

		<device-support-alias value="lufa_avr8"/>
		<device-support-alias value="lufa_xmega"/>
		<device-support-alias value="lufa_uc3"/>

		<build type="distribute" subtype="user-file" value="doxyfile"/>
		<build type="distribute" subtype="user-file" value="HIDReportViewer.txt"/>

		<build type="c-source" value="HIDReportViewer.c"/>
		<build type="header-file" value="HIDReportViewer.h"/>

		<build type="module-config" subtype="path" value="Config"/>
		<build type="header-file" value="Config/LUFAConfig.h"/>

		<require idref="lufa.common"/>
		<require idref="lufa.platform"/>
		<require idref="lufa.drivers.usb"/>
		<require idref="lufa.drivers.peripheral.usart"/>
		<require idref="lufa.drivers.misc.ansi"/>
		<require idref="lufa.drivers.board"/>
		<require idref="lufa.drivers.board.leds"/>
	</module>
</asf>
