<asf xmlversion="1.0">
	<project caption="XPLAIN Bridge" id="lufa.projects.xplain_bridge.avr8">
		<require idref="lufa.projects.xplain_bridge"/>
		<require idref="lufa.boards.dummy.avr8"/>
		<generator value="as5_8"/>

		<device-support value="at90usb1287"/>
		<config name="lufa.drivers.board.name" value="xplain"/>

		<build type="define" name="F_CPU" value="8000000UL"/>
		<build type="define" name="F_USB" value="8000000UL"/>
	</project>

	<module type="application" id="lufa.projects.xplain_bridge" caption="XPLAIN Bridge">
		<info type="description" value="summary">
		Bridge firmware for the original (green) XPLAIN board, for programming and USB virtual serial communications.
		</info>

 		<info type="gui-flag" value="move-to-root"/>

		<info type="keyword" value="Technology">
			<keyword value="Class Driver APIs"/>
			<keyword value="USB Device"/>
			<keyword value="CDC Class"/>
		</info>

		<device-support-alias value="lufa_avr8"/>
		<device-support-alias value="lufa_xmega"/>
		<device-support-alias value="lufa_uc3"/>

		<build type="distribute" subtype="user-file" value="doxyfile"/>
		<build type="distribute" subtype="user-file" value="XPLAINBridge.txt"/>
		<build type="distribute" subtype="user-file" value="LUFA XPLAIN Bridge.inf"/>

		<build type="c-source" value="XPLAINBridge.c"/>
		<build type="c-source" value="USARTDescriptors.c"/>
		<build type="header-file" value="XPLAINBridge.h"/>
		<build type="header-file" value="USARTDescriptors.h"/>

		<build type="c-source" value="Lib/SoftUART.c"/>
		<build type="header-file" value="Lib/SoftUART.h"/>

		<require idref="lufa.projects.avrispmkii_clone.src"/>

		<build type="module-config" subtype="path" value="Config"/>
		<build type="module-config" subtype="required-header-file" value="AppConfig.h"/>
		<build type="header-file" value="Config/AppConfig.h"/>
		<build type="header-file" value="Config/LUFAConfig.h"/>

		<require idref="lufa.common"/>
		<require idref="lufa.platform"/>
		<require idref="lufa.drivers.usb"/>
		<require idref="lufa.drivers.misc.ringbuffer"/>
		<require idref="lufa.drivers.board"/>
		<require idref="lufa.drivers.board.leds"/>
	</module>
</asf>
