<asf xmlversion="1.0">
	<project caption="Missile Launcher" id="lufa.projects.missile_launcher.avr8">
		<require idref="lufa.projects.missile_launcher"/>
		<require idref="lufa.boards.dummy.avr8"/>
		<generator value="as5_8"/>

		<device-support value="at90usb1287"/>
		<config name="lufa.drivers.board.name" value="usbkey"/>

		<build type="define" name="F_CPU" value="8000000UL"/>
		<build type="define" name="F_USB" value="8000000UL"/>
	</project>

	<module type="application" id="lufa.projects.missile_launcher" caption="Missile Launcher">
		<info type="description" value="summary">
		Missile launcher project.
		</info>

 		<info type="gui-flag" value="move-to-root"/>

		<info type="keyword" value="Technology">
			<keyword value="Low Level APIs"/>
			<keyword value="USB Host"/>
		</info>

		<device-support-alias value="lufa_avr8"/>
		<device-support-alias value="lufa_xmega"/>
		<device-support-alias value="lufa_uc3"/>

		<build type="distribute" subtype="user-file" value="doxyfile"/>
		<build type="distribute" subtype="user-file" value="MissileLauncher.txt"/>

		<build type="c-source" value="MissileLauncher.c"/>
		<build type="c-source" value="ConfigDescriptor.c"/>
		<build type="header-file" value="MissileLauncher.h"/>
		<build type="header-file" value="ConfigDescriptor.h"/>

		<build type="module-config" subtype="path" value="Config"/>
		<build type="header-file" value="Config/LUFAConfig.h"/>

		<require idref="lufa.common"/>
		<require idref="lufa.platform"/>
		<require idref="lufa.drivers.usb"/>
		<require idref="lufa.drivers.board"/>
		<require idref="lufa.drivers.board.buttons"/>
		<require idref="lufa.drivers.board.joystick"/>
		<require idref="lufa.drivers.board.leds"/>
	</module>
</asf>
