<asf xmlversion="1.0">
	<project caption="Temperature Datalogger" id="lufa.projects.temp_datalogger.avr8">
		<require idref="lufa.projects.temp_datalogger"/>
		<require idref="lufa.boards.dummy.avr8"/>
		<generator value="as5_8"/>

		<device-support value="at90usb1287"/>
		<config name="lufa.drivers.board.name" value="usbkey"/>

		<build type="define" name="F_CPU" value="8000000UL"/>
		<build type="define" name="F_USB" value="8000000UL"/>
	</project>

	<module type="application" id="lufa.projects.temp_datalogger" caption="Temperature Datalogger">
		<info type="description" value="summary">
		Temperature Datalogger project.
		</info>

 		<info type="gui-flag" value="move-to-root"/>

		<info type="keyword" value="Technology">
			<keyword value="Class Driver APIs"/>
			<keyword value="USB Device"/>
			<keyword value="HID Class"/>
			<keyword value="Mass Storage Class"/>
		</info>

		<device-support-alias value="lufa_avr8"/>
		<device-support-alias value="lufa_xmega"/>
		<device-support-alias value="lufa_uc3"/>

		<build type="distribute" subtype="user-file" value="doxyfile"/>
		<build type="distribute" subtype="user-file" value="TemperatureDataLogger.txt"/>
		<build type="distribute" subtype="directory" value="TempLogHostApp"/>
		<build type="distribute" subtype="directory" value="TempLogHostApp_Python"/>

		<build type="c-source" value="TempDataLogger.c"/>
		<build type="c-source" value="Descriptors.c"/>
		<build type="header-file" value="TempDataLogger.h"/>
		<build type="header-file" value="Descriptors.h"/>

		<build type="c-source" value="Lib/DataflashManager.c"/>
		<build type="header-file" value="Lib/DataflashManager.h"/>
		<build type="c-source" value="Lib/RTC.c"/>
		<build type="header-file" value="Lib/RTC.h"/>
		<build type="c-source" value="Lib/SCSI.c"/>
		<build type="header-file" value="Lib/SCSI.h"/>

		<build type="include-path" value="Lib/FATFs/"/>
		<build type="c-source" value="Lib/FATFs/ff.c"/>
		<build type="header-file" value="Lib/FATFs/ff.h"/>
		<build type="c-source" value="Lib/FATFs/diskio.c"/>
		<build type="header-file" value="Lib/FATFs/diskio.h"/>
		<build type="header-file" value="Lib/FATFs/ffconf.h"/>
		<build type="header-file" value="Lib/FATFs/integer.h"/>

		<build type="module-config" subtype="path" value="Config"/>
		<build type="module-config" subtype="required-header-file" value="AppConfig.h"/>
		<build type="header-file" value="Config/AppConfig.h"/>
		<build type="header-file" value="Config/LUFAConfig.h"/>

		<require idref="lufa.common"/>
		<require idref="lufa.platform"/>
		<require idref="lufa.drivers.usb"/>
		<require idref="lufa.drivers.board"/>
		<require idref="lufa.drivers.board.leds"/>
		<require idref="lufa.drivers.board.temperature"/>
		<require idref="lufa.drivers.board.dataflash"/>
		<require idref="lufa.drivers.peripheral.adc"/>
		<require idref="lufa.drivers.peripheral.twi"/>
	</module>
</asf>
